Image Size,Split Size,HOG Params,Normalization Method,SVM Params,Train HOG Time,Validation HOG Time,Test HOG Time,Train Time,Test Time,HOG Accuracy,Test Accuracy
128,0.3,"{'orientations': 9, 'pixels_per_cell': (8, 8), 'cells_per_block': (2, 2)}",standard,"{'kernel': 'linear', 'C': 1}",0.427945613861084,0.15165042877197266,0.11161565780639648,0.0020034313201904297,0.0,1.0,0.0
128,0.3,"{'orientations': 9, 'pixels_per_cell': (8, 8), 'cells_per_block': (2, 2)}",standard,"{'kernel': 'linear', 'C': 10}",0.427945613861084,0.15165042877197266,0.11161565780639648,0.005208492279052734,0.0009968280792236328,1.0,0.0
128,0.3,"{'orientations': 9, 'pixels_per_cell': (8, 8), 'cells_per_block': (2, 2)}",standard,"{'kernel': 'rbf', 'C': 1, 'gamma': 0.001}",0.427945613861084,0.15165042877197266,0.11161565780639648,0.0029921531677246094,0.002077341079711914,0.0,0.0
128,0.3,"{'orientations': 9, 'pixels_per_cell': (8, 8), 'cells_per_block': (2, 2)}",standard,"{'kernel': 'rbf', 'C': 1, 'gamma': 0.01}",0.427945613861084,0.15165042877197266,0.11161565780639648,0.0029914379119873047,0.0019953250885009766,0.0,0.0
128,0.3,"{'orientations': 9, 'pixels_per_cell': (8, 8), 'cells_per_block': (2, 2)}",minmax,"{'kernel': 'linear', 'C': 1}",0.427945613861084,0.15165042877197266,0.11161565780639648,0.0029697418212890625,0.0009963512420654297,1.0,0.0
128,0.3,"{'orientations': 9, 'pixels_per_cell': (8, 8), 'cells_per_block': (2, 2)}",minmax,"{'kernel': 'linear', 'C': 10}",0.427945613861084,0.15165042877197266,0.11161565780639648,0.003190755844116211,0.0009970664978027344,1.0,0.0
128,0.3,"{'orientations': 9, 'pixels_per_cell': (8, 8), 'cells_per_block': (2, 2)}",minmax,"{'kernel': 'rbf', 'C': 1, 'gamma': 0.001}",0.427945613861084,0.15165042877197266,0.11161565780639648,0.002249002456665039,0.000990152359008789,0.0,0.0
128,0.3,"{'orientations': 9, 'pixels_per_cell': (8, 8), 'cells_per_block': (2, 2)}",minmax,"{'kernel': 'rbf', 'C': 1, 'gamma': 0.01}",0.427945613861084,0.15165042877197266,0.11161565780639648,0.0039861202239990234,0.0,0.0,0.0
128,0.3,"{'orientations': 9, 'pixels_per_cell': (8, 8), 'cells_per_block': (2, 2)}",robust,"{'kernel': 'linear', 'C': 1}",0.427945613861084,0.15165042877197266,0.11161565780639648,0.002992391586303711,0.0,0.5,0.0
128,0.3,"{'orientations': 9, 'pixels_per_cell': (8, 8), 'cells_per_block': (2, 2)}",robust,"{'kernel': 'linear', 'C': 10}",0.427945613861084,0.15165042877197266,0.11161565780639648,0.003915071487426758,0.0009999275207519531,0.5,0.0
128,0.3,"{'orientations': 9, 'pixels_per_cell': (8, 8), 'cells_per_block': (2, 2)}",robust,"{'kernel': 'rbf', 'C': 1, 'gamma': 0.001}",0.427945613861084,0.15165042877197266,0.11161565780639648,0.0029573440551757812,0.0014157295227050781,0.0,0.0
128,0.3,"{'orientations': 9, 'pixels_per_cell': (8, 8), 'cells_per_block': (2, 2)}",robust,"{'kernel': 'rbf', 'C': 1, 'gamma': 0.01}",0.427945613861084,0.15165042877197266,0.11161565780639648,0.0019919872283935547,0.0009968280792236328,0.0,0.0
128,0.3,"{'orientations': 8, 'pixels_per_cell': (16, 16), 'cells_per_block': (2, 2)}",standard,"{'kernel': 'linear', 'C': 1}",0.17296743392944336,0.03690195083618164,0.03591179847717285,0.0029916763305664062,0.0009965896606445312,1.0,0.0
128,0.3,"{'orientations': 8, 'pixels_per_cell': (16, 16), 'cells_per_block': (2, 2)}",standard,"{'kernel': 'linear', 'C': 10}",0.17296743392944336,0.03690195083618164,0.03591179847717285,0.002991199493408203,0.0009975433349609375,1.0,0.0
128,0.3,"{'orientations': 8, 'pixels_per_cell': (16, 16), 'cells_per_block': (2, 2)}",standard,"{'kernel': 'rbf', 'C': 1, 'gamma': 0.001}",0.17296743392944336,0.03690195083618164,0.03591179847717285,0.0029914379119873047,0.0009968280792236328,0.0,0.0
128,0.3,"{'orientations': 8, 'pixels_per_cell': (16, 16), 'cells_per_block': (2, 2)}",standard,"{'kernel': 'rbf', 'C': 1, 'gamma': 0.01}",0.17296743392944336,0.03690195083618164,0.03591179847717285,0.002991199493408203,0.0010175704956054688,0.0,0.0
128,0.3,"{'orientations': 8, 'pixels_per_cell': (16, 16), 'cells_per_block': (2, 2)}",minmax,"{'kernel': 'linear', 'C': 1}",0.17296743392944336,0.03690195083618164,0.03591179847717285,0.0029921531677246094,0.0009968280792236328,0.5,0.0
128,0.3,"{'orientations': 8, 'pixels_per_cell': (16, 16), 'cells_per_block': (2, 2)}",minmax,"{'kernel': 'linear', 'C': 10}",0.17296743392944336,0.03690195083618164,0.03591179847717285,0.002992391586303711,0.0009982585906982422,0.5,0.0
128,0.3,"{'orientations': 8, 'pixels_per_cell': (16, 16), 'cells_per_block': (2, 2)}",minmax,"{'kernel': 'rbf', 'C': 1, 'gamma': 0.001}",0.17296743392944336,0.03690195083618164,0.03591179847717285,0.0009911060333251953,0.0009982585906982422,0.0,0.0
128,0.3,"{'orientations': 8, 'pixels_per_cell': (16, 16), 'cells_per_block': (2, 2)}",minmax,"{'kernel': 'rbf', 'C': 1, 'gamma': 0.01}",0.17296743392944336,0.03690195083618164,0.03591179847717285,0.002992868423461914,0.001004934310913086,0.0,0.0
128,0.3,"{'orientations': 8, 'pixels_per_cell': (16, 16), 'cells_per_block': (2, 2)}",robust,"{'kernel': 'linear', 'C': 1}",0.17296743392944336,0.03690195083618164,0.03591179847717285,0.0020220279693603516,0.0009708404541015625,0.5,0.0
128,0.3,"{'orientations': 8, 'pixels_per_cell': (16, 16), 'cells_per_block': (2, 2)}",robust,"{'kernel': 'linear', 'C': 10}",0.17296743392944336,0.03690195083618164,0.03591179847717285,0.0019850730895996094,0.000997304916381836,0.5,0.0
128,0.3,"{'orientations': 8, 'pixels_per_cell': (16, 16), 'cells_per_block': (2, 2)}",robust,"{'kernel': 'rbf', 'C': 1, 'gamma': 0.001}",0.17296743392944336,0.03690195083618164,0.03591179847717285,0.0009975433349609375,0.0009965896606445312,0.0,0.0
128,0.3,"{'orientations': 8, 'pixels_per_cell': (16, 16), 'cells_per_block': (2, 2)}",robust,"{'kernel': 'rbf', 'C': 1, 'gamma': 0.01}",0.17296743392944336,0.03690195083618164,0.03591179847717285,0.001997232437133789,0.0020034313201904297,0.0,0.0
128,0.3,"{'orientations': 9, 'pixels_per_cell': (16, 16), 'cells_per_block': (1, 1)}",standard,"{'kernel': 'linear', 'C': 1}",0.12596654891967773,0.024292945861816406,0.024853944778442383,0.0009975433349609375,0.0010094642639160156,1.0,0.0
128,0.3,"{'orientations': 9, 'pixels_per_cell': (16, 16), 'cells_per_block': (1, 1)}",standard,"{'kernel': 'linear', 'C': 10}",0.12596654891967773,0.024292945861816406,0.024853944778442383,0.0019910335540771484,0.0,1.0,0.0
128,0.3,"{'orientations': 9, 'pixels_per_cell': (16, 16), 'cells_per_block': (1, 1)}",standard,"{'kernel': 'rbf', 'C': 1, 'gamma': 0.001}",0.12596654891967773,0.024292945861816406,0.024853944778442383,0.001995563507080078,0.0,0.0,0.0
128,0.3,"{'orientations': 9, 'pixels_per_cell': (16, 16), 'cells_per_block': (1, 1)}",standard,"{'kernel': 'rbf', 'C': 1, 'gamma': 0.01}",0.12596654891967773,0.024292945861816406,0.024853944778442383,0.0009982585906982422,0.0013413429260253906,0.0,0.0
128,0.3,"{'orientations': 9, 'pixels_per_cell': (16, 16), 'cells_per_block': (1, 1)}",minmax,"{'kernel': 'linear', 'C': 1}",0.12596654891967773,0.024292945861816406,0.024853944778442383,0.0029959678649902344,0.0009942054748535156,1.0,0.0
128,0.3,"{'orientations': 9, 'pixels_per_cell': (16, 16), 'cells_per_block': (1, 1)}",minmax,"{'kernel': 'linear', 'C': 10}",0.12596654891967773,0.024292945861816406,0.024853944778442383,0.0009958744049072266,0.0009984970092773438,1.0,0.0
128,0.3,"{'orientations': 9, 'pixels_per_cell': (16, 16), 'cells_per_block': (1, 1)}",minmax,"{'kernel': 'rbf', 'C': 1, 'gamma': 0.001}",0.12596654891967773,0.024292945861816406,0.024853944778442383,0.0009951591491699219,0.000997304916381836,0.0,0.0
128,0.3,"{'orientations': 9, 'pixels_per_cell': (16, 16), 'cells_per_block': (1, 1)}",minmax,"{'kernel': 'rbf', 'C': 1, 'gamma': 0.01}",0.12596654891967773,0.024292945861816406,0.024853944778442383,0.0009951591491699219,0.000997781753540039,0.0,0.0
128,0.3,"{'orientations': 9, 'pixels_per_cell': (16, 16), 'cells_per_block': (1, 1)}",robust,"{'kernel': 'linear', 'C': 1}",0.12596654891967773,0.024292945861816406,0.024853944778442383,0.001996278762817383,0.0009970664978027344,0.0,0.0
128,0.3,"{'orientations': 9, 'pixels_per_cell': (16, 16), 'cells_per_block': (1, 1)}",robust,"{'kernel': 'linear', 'C': 10}",0.12596654891967773,0.024292945861816406,0.024853944778442383,0.002028226852416992,0.001001596450805664,0.0,0.0
128,0.3,"{'orientations': 9, 'pixels_per_cell': (16, 16), 'cells_per_block': (1, 1)}",robust,"{'kernel': 'rbf', 'C': 1, 'gamma': 0.001}",0.12596654891967773,0.024292945861816406,0.024853944778442383,0.0019960403442382812,0.0,0.0,0.0
128,0.3,"{'orientations': 9, 'pixels_per_cell': (16, 16), 'cells_per_block': (1, 1)}",robust,"{'kernel': 'rbf', 'C': 1, 'gamma': 0.01}",0.12596654891967773,0.024292945861816406,0.024853944778442383,0.0019919872283935547,0.0,0.0,0.0
128,0.4,"{'orientations': 9, 'pixels_per_cell': (8, 8), 'cells_per_block': (2, 2)}",standard,"{'kernel': 'linear', 'C': 1}",0.27288246154785156,0.10464167594909668,0.10409736633300781,0.001987934112548828,0.0,0.6666666666666666,0.6666666666666666
128,0.4,"{'orientations': 9, 'pixels_per_cell': (8, 8), 'cells_per_block': (2, 2)}",standard,"{'kernel': 'linear', 'C': 10}",0.27288246154785156,0.10464167594909668,0.10409736633300781,0.0016417503356933594,0.0,0.6666666666666666,0.6666666666666666
128,0.4,"{'orientations': 9, 'pixels_per_cell': (8, 8), 'cells_per_block': (2, 2)}",standard,"{'kernel': 'rbf', 'C': 1, 'gamma': 0.001}",0.27288246154785156,0.10464167594909668,0.10409736633300781,0.0030243396759033203,0.0009922981262207031,0.3333333333333333,0.0
128,0.4,"{'orientations': 9, 'pixels_per_cell': (8, 8), 'cells_per_block': (2, 2)}",standard,"{'kernel': 'rbf', 'C': 1, 'gamma': 0.01}",0.27288246154785156,0.10464167594909668,0.10409736633300781,0.002044200897216797,0.000986337661743164,0.3333333333333333,0.0
128,0.4,"{'orientations': 9, 'pixels_per_cell': (8, 8), 'cells_per_block': (2, 2)}",minmax,"{'kernel': 'linear', 'C': 1}",0.27288246154785156,0.10464167594909668,0.10409736633300781,0.0010204315185546875,0.0009584426879882812,0.6666666666666666,0.6666666666666666
128,0.4,"{'orientations': 9, 'pixels_per_cell': (8, 8), 'cells_per_block': (2, 2)}",minmax,"{'kernel': 'linear', 'C': 10}",0.27288246154785156,0.10464167594909668,0.10409736633300781,0.0030393600463867188,0.000989675521850586,0.6666666666666666,0.6666666666666666
128,0.4,"{'orientations': 9, 'pixels_per_cell': (8, 8), 'cells_per_block': (2, 2)}",minmax,"{'kernel': 'rbf', 'C': 1, 'gamma': 0.001}",0.27288246154785156,0.10464167594909668,0.10409736633300781,0.0019936561584472656,0.0,0.3333333333333333,0.0
128,0.4,"{'orientations': 9, 'pixels_per_cell': (8, 8), 'cells_per_block': (2, 2)}",minmax,"{'kernel': 'rbf', 'C': 1, 'gamma': 0.01}",0.27288246154785156,0.10464167594909668,0.10409736633300781,0.002029895782470703,0.0,0.3333333333333333,0.0
128,0.4,"{'orientations': 9, 'pixels_per_cell': (8, 8), 'cells_per_block': (2, 2)}",robust,"{'kernel': 'linear', 'C': 1}",0.27288246154785156,0.10464167594909668,0.10409736633300781,0.0010404586791992188,0.0009968280792236328,0.3333333333333333,0.3333333333333333
128,0.4,"{'orientations': 9, 'pixels_per_cell': (8, 8), 'cells_per_block': (2, 2)}",robust,"{'kernel': 'linear', 'C': 10}",0.27288246154785156,0.10464167594909668,0.10409736633300781,0.0009996891021728516,0.0009980201721191406,0.3333333333333333,0.3333333333333333
128,0.4,"{'orientations': 9, 'pixels_per_cell': (8, 8), 'cells_per_block': (2, 2)}",robust,"{'kernel': 'rbf', 'C': 1, 'gamma': 0.001}",0.27288246154785156,0.10464167594909668,0.10409736633300781,0.0009980201721191406,0.000997781753540039,0.3333333333333333,0.0
128,0.4,"{'orientations': 9, 'pixels_per_cell': (8, 8), 'cells_per_block': (2, 2)}",robust,"{'kernel': 'rbf', 'C': 1, 'gamma': 0.01}",0.27288246154785156,0.10464167594909668,0.10409736633300781,0.0029916763305664062,0.001055002212524414,0.3333333333333333,0.0
128,0.4,"{'orientations': 8, 'pixels_per_cell': (16, 16), 'cells_per_block': (2, 2)}",standard,"{'kernel': 'linear', 'C': 1}",0.0684356689453125,0.02789306640625,0.03143763542175293,0.0019936561584472656,0.0009975433349609375,0.3333333333333333,0.6666666666666666
128,0.4,"{'orientations': 8, 'pixels_per_cell': (16, 16), 'cells_per_block': (2, 2)}",standard,"{'kernel': 'linear', 'C': 10}",0.0684356689453125,0.02789306640625,0.03143763542175293,0.001994609832763672,0.0011506080627441406,0.3333333333333333,0.6666666666666666
128,0.4,"{'orientations': 8, 'pixels_per_cell': (16, 16), 'cells_per_block': (2, 2)}",standard,"{'kernel': 'rbf', 'C': 1, 'gamma': 0.001}",0.0684356689453125,0.02789306640625,0.03143763542175293,0.0019941329956054688,0.0,0.3333333333333333,0.0
128,0.4,"{'orientations': 8, 'pixels_per_cell': (16, 16), 'cells_per_block': (2, 2)}",standard,"{'kernel': 'rbf', 'C': 1, 'gamma': 0.01}",0.0684356689453125,0.02789306640625,0.03143763542175293,0.0029735565185546875,0.0,0.3333333333333333,0.0
128,0.4,"{'orientations': 8, 'pixels_per_cell': (16, 16), 'cells_per_block': (2, 2)}",minmax,"{'kernel': 'linear', 'C': 1}",0.0684356689453125,0.02789306640625,0.03143763542175293,0.002880573272705078,0.0010464191436767578,0.3333333333333333,0.6666666666666666
128,0.4,"{'orientations': 8, 'pixels_per_cell': (16, 16), 'cells_per_block': (2, 2)}",minmax,"{'kernel': 'linear', 'C': 10}",0.0684356689453125,0.02789306640625,0.03143763542175293,0.001990079879760742,0.0009968280792236328,0.3333333333333333,0.6666666666666666
128,0.4,"{'orientations': 8, 'pixels_per_cell': (16, 16), 'cells_per_block': (2, 2)}",minmax,"{'kernel': 'rbf', 'C': 1, 'gamma': 0.001}",0.0684356689453125,0.02789306640625,0.03143763542175293,0.0009970664978027344,0.0009970664978027344,0.3333333333333333,0.0
128,0.4,"{'orientations': 8, 'pixels_per_cell': (16, 16), 'cells_per_block': (2, 2)}",minmax,"{'kernel': 'rbf', 'C': 1, 'gamma': 0.01}",0.0684356689453125,0.02789306640625,0.03143763542175293,0.0009992122650146484,0.0009963512420654297,0.3333333333333333,0.0
128,0.4,"{'orientations': 8, 'pixels_per_cell': (16, 16), 'cells_per_block': (2, 2)}",robust,"{'kernel': 'linear', 'C': 1}",0.0684356689453125,0.02789306640625,0.03143763542175293,0.0015571117401123047,0.0009922981262207031,0.3333333333333333,0.3333333333333333
128,0.4,"{'orientations': 8, 'pixels_per_cell': (16, 16), 'cells_per_block': (2, 2)}",robust,"{'kernel': 'linear', 'C': 10}",0.0684356689453125,0.02789306640625,0.03143763542175293,0.0009980201721191406,0.001032114028930664,0.3333333333333333,0.3333333333333333
128,0.4,"{'orientations': 8, 'pixels_per_cell': (16, 16), 'cells_per_block': (2, 2)}",robust,"{'kernel': 'rbf', 'C': 1, 'gamma': 0.001}",0.0684356689453125,0.02789306640625,0.03143763542175293,0.0019943714141845703,0.0,0.3333333333333333,0.0
128,0.4,"{'orientations': 8, 'pixels_per_cell': (16, 16), 'cells_per_block': (2, 2)}",robust,"{'kernel': 'rbf', 'C': 1, 'gamma': 0.01}",0.0684356689453125,0.02789306640625,0.03143763542175293,0.001993894577026367,0.0009205341339111328,0.3333333333333333,0.0
128,0.4,"{'orientations': 9, 'pixels_per_cell': (16, 16), 'cells_per_block': (1, 1)}",standard,"{'kernel': 'linear', 'C': 1}",0.09569859504699707,0.033896446228027344,0.037749290466308594,0.0010037422180175781,0.0009562969207763672,0.3333333333333333,0.6666666666666666
128,0.4,"{'orientations': 9, 'pixels_per_cell': (16, 16), 'cells_per_block': (1, 1)}",standard,"{'kernel': 'linear', 'C': 10}",0.09569859504699707,0.033896446228027344,0.037749290466308594,0.000997304916381836,0.0,0.3333333333333333,0.6666666666666666
128,0.4,"{'orientations': 9, 'pixels_per_cell': (16, 16), 'cells_per_block': (1, 1)}",standard,"{'kernel': 'rbf', 'C': 1, 'gamma': 0.001}",0.09569859504699707,0.033896446228027344,0.037749290466308594,0.0029935836791992188,0.0,0.3333333333333333,0.0
128,0.4,"{'orientations': 9, 'pixels_per_cell': (16, 16), 'cells_per_block': (1, 1)}",standard,"{'kernel': 'rbf', 'C': 1, 'gamma': 0.01}",0.09569859504699707,0.033896446228027344,0.037749290466308594,0.001983165740966797,0.0009982585906982422,0.3333333333333333,0.0
128,0.4,"{'orientations': 9, 'pixels_per_cell': (16, 16), 'cells_per_block': (1, 1)}",minmax,"{'kernel': 'linear', 'C': 1}",0.09569859504699707,0.033896446228027344,0.037749290466308594,0.0009984970092773438,0.0009961128234863281,0.6666666666666666,0.6666666666666666
128,0.4,"{'orientations': 9, 'pixels_per_cell': (16, 16), 'cells_per_block': (1, 1)}",minmax,"{'kernel': 'linear', 'C': 10}",0.09569859504699707,0.033896446228027344,0.037749290466308594,0.0020008087158203125,0.000989675521850586,0.6666666666666666,0.6666666666666666
128,0.4,"{'orientations': 9, 'pixels_per_cell': (16, 16), 'cells_per_block': (1, 1)}",minmax,"{'kernel': 'rbf', 'C': 1, 'gamma': 0.001}",0.09569859504699707,0.033896446228027344,0.037749290466308594,0.002031087875366211,0.0,0.3333333333333333,0.0
128,0.4,"{'orientations': 9, 'pixels_per_cell': (16, 16), 'cells_per_block': (1, 1)}",minmax,"{'kernel': 'rbf', 'C': 1, 'gamma': 0.01}",0.09569859504699707,0.033896446228027344,0.037749290466308594,0.0010399818420410156,0.0009915828704833984,0.3333333333333333,0.0
128,0.4,"{'orientations': 9, 'pixels_per_cell': (16, 16), 'cells_per_block': (1, 1)}",robust,"{'kernel': 'linear', 'C': 1}",0.09569859504699707,0.033896446228027344,0.037749290466308594,0.0019941329956054688,0.0009970664978027344,0.3333333333333333,0.0
128,0.4,"{'orientations': 9, 'pixels_per_cell': (16, 16), 'cells_per_block': (1, 1)}",robust,"{'kernel': 'linear', 'C': 10}",0.09569859504699707,0.033896446228027344,0.037749290466308594,0.0019943714141845703,0.0,0.3333333333333333,0.0
128,0.4,"{'orientations': 9, 'pixels_per_cell': (16, 16), 'cells_per_block': (1, 1)}",robust,"{'kernel': 'rbf', 'C': 1, 'gamma': 0.001}",0.09569859504699707,0.033896446228027344,0.037749290466308594,0.0027289390563964844,1.0728836059570312e-05,0.3333333333333333,0.0
128,0.4,"{'orientations': 9, 'pixels_per_cell': (16, 16), 'cells_per_block': (1, 1)}",robust,"{'kernel': 'rbf', 'C': 1, 'gamma': 0.01}",0.09569859504699707,0.033896446228027344,0.037749290466308594,0.002992391586303711,0.0039899349212646484,0.3333333333333333,0.0
256,0.3,"{'orientations': 9, 'pixels_per_cell': (8, 8), 'cells_per_block': (2, 2)}",standard,"{'kernel': 'linear', 'C': 1}",1.4687256813049316,0.313063383102417,0.30602478981018066,0.03037738800048828,0.0012018680572509766,1.0,0.0
256,0.3,"{'orientations': 9, 'pixels_per_cell': (8, 8), 'cells_per_block': (2, 2)}",standard,"{'kernel': 'linear', 'C': 10}",1.4687256813049316,0.313063383102417,0.30602478981018066,0.012745380401611328,0.0019986629486083984,1.0,0.0
256,0.3,"{'orientations': 9, 'pixels_per_cell': (8, 8), 'cells_per_block': (2, 2)}",standard,"{'kernel': 'rbf', 'C': 1, 'gamma': 0.001}",1.4687256813049316,0.313063383102417,0.30602478981018066,0.013961076736450195,0.0009975433349609375,0.0,0.0
256,0.3,"{'orientations': 9, 'pixels_per_cell': (8, 8), 'cells_per_block': (2, 2)}",standard,"{'kernel': 'rbf', 'C': 1, 'gamma': 0.01}",1.4687256813049316,0.313063383102417,0.30602478981018066,0.03787088394165039,0.004992485046386719,0.0,0.0
256,0.3,"{'orientations': 9, 'pixels_per_cell': (8, 8), 'cells_per_block': (2, 2)}",minmax,"{'kernel': 'linear', 'C': 1}",1.4687256813049316,0.313063383102417,0.30602478981018066,0.011977910995483398,0.0009794235229492188,1.0,0.0
256,0.3,"{'orientations': 9, 'pixels_per_cell': (8, 8), 'cells_per_block': (2, 2)}",minmax,"{'kernel': 'linear', 'C': 10}",1.4687256813049316,0.313063383102417,0.30602478981018066,0.0059833526611328125,0.006982088088989258,1.0,0.0
256,0.3,"{'orientations': 9, 'pixels_per_cell': (8, 8), 'cells_per_block': (2, 2)}",minmax,"{'kernel': 'rbf', 'C': 1, 'gamma': 0.001}",1.4687256813049316,0.313063383102417,0.30602478981018066,0.21606826782226562,0.0019922256469726562,0.0,0.0
256,0.3,"{'orientations': 9, 'pixels_per_cell': (8, 8), 'cells_per_block': (2, 2)}",minmax,"{'kernel': 'rbf', 'C': 1, 'gamma': 0.01}",1.4687256813049316,0.313063383102417,0.30602478981018066,0.0069811344146728516,0.003989458084106445,0.0,0.0
256,0.3,"{'orientations': 9, 'pixels_per_cell': (8, 8), 'cells_per_block': (2, 2)}",robust,"{'kernel': 'linear', 'C': 1}",1.4687256813049316,0.313063383102417,0.30602478981018066,0.047904253005981445,0.0009961128234863281,0.5,0.0
256,0.3,"{'orientations': 9, 'pixels_per_cell': (8, 8), 'cells_per_block': (2, 2)}",robust,"{'kernel': 'linear', 'C': 10}",1.4687256813049316,0.313063383102417,0.30602478981018066,0.010123729705810547,0.0009918212890625,0.5,0.0
256,0.3,"{'orientations': 9, 'pixels_per_cell': (8, 8), 'cells_per_block': (2, 2)}",robust,"{'kernel': 'rbf', 'C': 1, 'gamma': 0.001}",1.4687256813049316,0.313063383102417,0.30602478981018066,0.0065081119537353516,0.0069773197174072266,0.0,0.0
256,0.3,"{'orientations': 9, 'pixels_per_cell': (8, 8), 'cells_per_block': (2, 2)}",robust,"{'kernel': 'rbf', 'C': 1, 'gamma': 0.01}",1.4687256813049316,0.313063383102417,0.30602478981018066,0.00756382942199707,0.0015769004821777344,0.0,0.0
256,0.3,"{'orientations': 8, 'pixels_per_cell': (16, 16), 'cells_per_block': (2, 2)}",standard,"{'kernel': 'linear', 'C': 1}",0.3638951778411865,0.08300614356994629,0.0830693244934082,0.0019516944885253906,0.0009987354278564453,1.0,0.0
256,0.3,"{'orientations': 8, 'pixels_per_cell': (16, 16), 'cells_per_block': (2, 2)}",standard,"{'kernel': 'linear', 'C': 10}",0.3638951778411865,0.08300614356994629,0.0830693244934082,0.003109455108642578,0.0010595321655273438,1.0,0.0
256,0.3,"{'orientations': 8, 'pixels_per_cell': (16, 16), 'cells_per_block': (2, 2)}",standard,"{'kernel': 'rbf', 'C': 1, 'gamma': 0.001}",0.3638951778411865,0.08300614356994629,0.0830693244934082,0.0019960403442382812,0.0,0.0,0.0
256,0.3,"{'orientations': 8, 'pixels_per_cell': (16, 16), 'cells_per_block': (2, 2)}",standard,"{'kernel': 'rbf', 'C': 1, 'gamma': 0.01}",0.3638951778411865,0.08300614356994629,0.0830693244934082,0.0019996166229248047,0.0,0.0,0.0
256,0.3,"{'orientations': 8, 'pixels_per_cell': (16, 16), 'cells_per_block': (2, 2)}",minmax,"{'kernel': 'linear', 'C': 1}",0.3638951778411865,0.08300614356994629,0.0830693244934082,0.0010197162628173828,0.0010080337524414062,1.0,0.0
256,0.3,"{'orientations': 8, 'pixels_per_cell': (16, 16), 'cells_per_block': (2, 2)}",minmax,"{'kernel': 'linear', 'C': 10}",0.3638951778411865,0.08300614356994629,0.0830693244934082,0.0020432472229003906,0.0009891986846923828,1.0,0.0
256,0.3,"{'orientations': 8, 'pixels_per_cell': (16, 16), 'cells_per_block': (2, 2)}",minmax,"{'kernel': 'rbf', 'C': 1, 'gamma': 0.001}",0.3638951778411865,0.08300614356994629,0.0830693244934082,0.001979827880859375,0.0,0.0,0.0
256,0.3,"{'orientations': 8, 'pixels_per_cell': (16, 16), 'cells_per_block': (2, 2)}",minmax,"{'kernel': 'rbf', 'C': 1, 'gamma': 0.01}",0.3638951778411865,0.08300614356994629,0.0830693244934082,0.001997232437133789,0.0009968280792236328,0.0,0.0
256,0.3,"{'orientations': 8, 'pixels_per_cell': (16, 16), 'cells_per_block': (2, 2)}",robust,"{'kernel': 'linear', 'C': 1}",0.3638951778411865,0.08300614356994629,0.0830693244934082,0.002973318099975586,0.001028299331665039,0.5,0.0
256,0.3,"{'orientations': 8, 'pixels_per_cell': (16, 16), 'cells_per_block': (2, 2)}",robust,"{'kernel': 'linear', 'C': 10}",0.3638951778411865,0.08300614356994629,0.0830693244934082,0.0029909610748291016,0.0010232925415039062,0.5,0.0
256,0.3,"{'orientations': 8, 'pixels_per_cell': (16, 16), 'cells_per_block': (2, 2)}",robust,"{'kernel': 'rbf', 'C': 1, 'gamma': 0.001}",0.3638951778411865,0.08300614356994629,0.0830693244934082,0.0020325183868408203,0.0,0.0,0.0
256,0.3,"{'orientations': 8, 'pixels_per_cell': (16, 16), 'cells_per_block': (2, 2)}",robust,"{'kernel': 'rbf', 'C': 1, 'gamma': 0.01}",0.3638951778411865,0.08300614356994629,0.0830693244934082,0.0019936561584472656,0.0009965896606445312,0.0,0.0
256,0.3,"{'orientations': 9, 'pixels_per_cell': (16, 16), 'cells_per_block': (1, 1)}",standard,"{'kernel': 'linear', 'C': 1}",0.41597700119018555,0.12478828430175781,0.09515810012817383,0.001955747604370117,0.0,1.0,0.0
256,0.3,"{'orientations': 9, 'pixels_per_cell': (16, 16), 'cells_per_block': (1, 1)}",standard,"{'kernel': 'linear', 'C': 10}",0.41597700119018555,0.12478828430175781,0.09515810012817383,0.0009922981262207031,0.0009980201721191406,1.0,0.0
256,0.3,"{'orientations': 9, 'pixels_per_cell': (16, 16), 'cells_per_block': (1, 1)}",standard,"{'kernel': 'rbf', 'C': 1, 'gamma': 0.001}",0.41597700119018555,0.12478828430175781,0.09515810012817383,0.0009987354278564453,0.0010311603546142578,0.0,0.0
256,0.3,"{'orientations': 9, 'pixels_per_cell': (16, 16), 'cells_per_block': (1, 1)}",standard,"{'kernel': 'rbf', 'C': 1, 'gamma': 0.01}",0.41597700119018555,0.12478828430175781,0.09515810012817383,0.0019958019256591797,0.0,0.0,0.0
256,0.3,"{'orientations': 9, 'pixels_per_cell': (16, 16), 'cells_per_block': (1, 1)}",minmax,"{'kernel': 'linear', 'C': 1}",0.41597700119018555,0.12478828430175781,0.09515810012817383,0.0019936561584472656,0.000997304916381836,1.0,0.0
256,0.3,"{'orientations': 9, 'pixels_per_cell': (16, 16), 'cells_per_block': (1, 1)}",minmax,"{'kernel': 'linear', 'C': 10}",0.41597700119018555,0.12478828430175781,0.09515810012817383,0.0019996166229248047,0.0009930133819580078,1.0,0.0
256,0.3,"{'orientations': 9, 'pixels_per_cell': (16, 16), 'cells_per_block': (1, 1)}",minmax,"{'kernel': 'rbf', 'C': 1, 'gamma': 0.001}",0.41597700119018555,0.12478828430175781,0.09515810012817383,0.0009963512420654297,0.0009982585906982422,0.0,0.0
256,0.3,"{'orientations': 9, 'pixels_per_cell': (16, 16), 'cells_per_block': (1, 1)}",minmax,"{'kernel': 'rbf', 'C': 1, 'gamma': 0.01}",0.41597700119018555,0.12478828430175781,0.09515810012817383,0.0010068416595458984,0.0,0.0,0.0
256,0.3,"{'orientations': 9, 'pixels_per_cell': (16, 16), 'cells_per_block': (1, 1)}",robust,"{'kernel': 'linear', 'C': 1}",0.41597700119018555,0.12478828430175781,0.09515810012817383,0.0010001659393310547,0.0009968280792236328,0.0,0.0
256,0.3,"{'orientations': 9, 'pixels_per_cell': (16, 16), 'cells_per_block': (1, 1)}",robust,"{'kernel': 'linear', 'C': 10}",0.41597700119018555,0.12478828430175781,0.09515810012817383,0.0009982585906982422,0.0,0.0,0.0
256,0.3,"{'orientations': 9, 'pixels_per_cell': (16, 16), 'cells_per_block': (1, 1)}",robust,"{'kernel': 'rbf', 'C': 1, 'gamma': 0.001}",0.41597700119018555,0.12478828430175781,0.09515810012817383,0.002993345260620117,0.000997304916381836,0.0,0.0
256,0.3,"{'orientations': 9, 'pixels_per_cell': (16, 16), 'cells_per_block': (1, 1)}",robust,"{'kernel': 'rbf', 'C': 1, 'gamma': 0.01}",0.41597700119018555,0.12478828430175781,0.09515810012817383,0.0029914379119873047,0.0009980201721191406,0.0,0.0
256,0.4,"{'orientations': 9, 'pixels_per_cell': (8, 8), 'cells_per_block': (2, 2)}",standard,"{'kernel': 'linear', 'C': 1}",1.1228032112121582,0.43554091453552246,0.43976283073425293,0.14476728439331055,0.0009970664978027344,0.6666666666666666,0.6666666666666666
256,0.4,"{'orientations': 9, 'pixels_per_cell': (8, 8), 'cells_per_block': (2, 2)}",standard,"{'kernel': 'linear', 'C': 10}",1.1228032112121582,0.43554091453552246,0.43976283073425293,0.005986928939819336,0.0009951591491699219,0.6666666666666666,0.6666666666666666
256,0.4,"{'orientations': 9, 'pixels_per_cell': (8, 8), 'cells_per_block': (2, 2)}",standard,"{'kernel': 'rbf', 'C': 1, 'gamma': 0.001}",1.1228032112121582,0.43554091453552246,0.43976283073425293,0.004986763000488281,0.000997304916381836,0.3333333333333333,0.0
256,0.4,"{'orientations': 9, 'pixels_per_cell': (8, 8), 'cells_per_block': (2, 2)}",standard,"{'kernel': 'rbf', 'C': 1, 'gamma': 0.01}",1.1228032112121582,0.43554091453552246,0.43976283073425293,0.00941014289855957,0.000997304916381836,0.3333333333333333,0.0
256,0.4,"{'orientations': 9, 'pixels_per_cell': (8, 8), 'cells_per_block': (2, 2)}",minmax,"{'kernel': 'linear', 'C': 1}",1.1228032112121582,0.43554091453552246,0.43976283073425293,0.0046498775482177734,0.0049860477447509766,0.6666666666666666,0.6666666666666666
256,0.4,"{'orientations': 9, 'pixels_per_cell': (8, 8), 'cells_per_block': (2, 2)}",minmax,"{'kernel': 'linear', 'C': 10}",1.1228032112121582,0.43554091453552246,0.43976283073425293,0.0038309097290039062,0.00399017333984375,0.6666666666666666,0.6666666666666666
256,0.4,"{'orientations': 9, 'pixels_per_cell': (8, 8), 'cells_per_block': (2, 2)}",minmax,"{'kernel': 'rbf', 'C': 1, 'gamma': 0.001}",1.1228032112121582,0.43554091453552246,0.43976283073425293,0.007719993591308594,0.0009970664978027344,0.3333333333333333,0.0
256,0.4,"{'orientations': 9, 'pixels_per_cell': (8, 8), 'cells_per_block': (2, 2)}",minmax,"{'kernel': 'rbf', 'C': 1, 'gamma': 0.01}",1.1228032112121582,0.43554091453552246,0.43976283073425293,0.004987239837646484,0.0029921531677246094,0.3333333333333333,0.0
256,0.4,"{'orientations': 9, 'pixels_per_cell': (8, 8), 'cells_per_block': (2, 2)}",robust,"{'kernel': 'linear', 'C': 1}",1.1228032112121582,0.43554091453552246,0.43976283073425293,0.006982088088989258,0.0010387897491455078,0.6666666666666666,0.3333333333333333
256,0.4,"{'orientations': 9, 'pixels_per_cell': (8, 8), 'cells_per_block': (2, 2)}",robust,"{'kernel': 'linear', 'C': 10}",1.1228032112121582,0.43554091453552246,0.43976283073425293,0.004540443420410156,0.007922172546386719,0.6666666666666666,0.3333333333333333
256,0.4,"{'orientations': 9, 'pixels_per_cell': (8, 8), 'cells_per_block': (2, 2)}",robust,"{'kernel': 'rbf', 'C': 1, 'gamma': 0.001}",1.1228032112121582,0.43554091453552246,0.43976283073425293,0.003989219665527344,0.021940231323242188,0.3333333333333333,0.0
256,0.4,"{'orientations': 9, 'pixels_per_cell': (8, 8), 'cells_per_block': (2, 2)}",robust,"{'kernel': 'rbf', 'C': 1, 'gamma': 0.01}",1.1228032112121582,0.43554091453552246,0.43976283073425293,0.19808435440063477,0.01277470588684082,0.3333333333333333,0.0
256,0.4,"{'orientations': 8, 'pixels_per_cell': (16, 16), 'cells_per_block': (2, 2)}",standard,"{'kernel': 'linear', 'C': 1}",0.3109142780303955,0.11232948303222656,0.11343026161193848,0.0019097328186035156,0.0,0.6666666666666666,0.6666666666666666
256,0.4,"{'orientations': 8, 'pixels_per_cell': (16, 16), 'cells_per_block': (2, 2)}",standard,"{'kernel': 'linear', 'C': 10}",0.3109142780303955,0.11232948303222656,0.11343026161193848,0.001995086669921875,0.0010123252868652344,0.6666666666666666,0.6666666666666666
256,0.4,"{'orientations': 8, 'pixels_per_cell': (16, 16), 'cells_per_block': (2, 2)}",standard,"{'kernel': 'rbf', 'C': 1, 'gamma': 0.001}",0.3109142780303955,0.11232948303222656,0.11343026161193848,0.0020301342010498047,0.001220703125,0.3333333333333333,0.0
256,0.4,"{'orientations': 8, 'pixels_per_cell': (16, 16), 'cells_per_block': (2, 2)}",standard,"{'kernel': 'rbf', 'C': 1, 'gamma': 0.01}",0.3109142780303955,0.11232948303222656,0.11343026161193848,0.0009996891021728516,0.000997781753540039,0.3333333333333333,0.0
256,0.4,"{'orientations': 8, 'pixels_per_cell': (16, 16), 'cells_per_block': (2, 2)}",minmax,"{'kernel': 'linear', 'C': 1}",0.3109142780303955,0.11232948303222656,0.11343026161193848,0.0010347366333007812,0.0009989738464355469,0.6666666666666666,0.6666666666666666
256,0.4,"{'orientations': 8, 'pixels_per_cell': (16, 16), 'cells_per_block': (2, 2)}",minmax,"{'kernel': 'linear', 'C': 10}",0.3109142780303955,0.11232948303222656,0.11343026161193848,0.0009987354278564453,0.0010352134704589844,0.6666666666666666,0.6666666666666666
256,0.4,"{'orientations': 8, 'pixels_per_cell': (16, 16), 'cells_per_block': (2, 2)}",minmax,"{'kernel': 'rbf', 'C': 1, 'gamma': 0.001}",0.3109142780303955,0.11232948303222656,0.11343026161193848,0.001993894577026367,0.0,0.3333333333333333,0.0
256,0.4,"{'orientations': 8, 'pixels_per_cell': (16, 16), 'cells_per_block': (2, 2)}",minmax,"{'kernel': 'rbf', 'C': 1, 'gamma': 0.01}",0.3109142780303955,0.11232948303222656,0.11343026161193848,0.0009980201721191406,0.000997304916381836,0.3333333333333333,0.0
256,0.4,"{'orientations': 8, 'pixels_per_cell': (16, 16), 'cells_per_block': (2, 2)}",robust,"{'kernel': 'linear', 'C': 1}",0.3109142780303955,0.11232948303222656,0.11343026161193848,0.002025604248046875,0.0006952285766601562,0.6666666666666666,0.3333333333333333
256,0.4,"{'orientations': 8, 'pixels_per_cell': (16, 16), 'cells_per_block': (2, 2)}",robust,"{'kernel': 'linear', 'C': 10}",0.3109142780303955,0.11232948303222656,0.11343026161193848,0.001996278762817383,0.0,0.6666666666666666,0.3333333333333333
256,0.4,"{'orientations': 8, 'pixels_per_cell': (16, 16), 'cells_per_block': (2, 2)}",robust,"{'kernel': 'rbf', 'C': 1, 'gamma': 0.001}",0.3109142780303955,0.11232948303222656,0.11343026161193848,0.001994609832763672,0.0009980201721191406,0.3333333333333333,0.0
256,0.4,"{'orientations': 8, 'pixels_per_cell': (16, 16), 'cells_per_block': (2, 2)}",robust,"{'kernel': 'rbf', 'C': 1, 'gamma': 0.01}",0.3109142780303955,0.11232948303222656,0.11343026161193848,0.0028183460235595703,0.0010254383087158203,0.3333333333333333,0.0
256,0.4,"{'orientations': 9, 'pixels_per_cell': (16, 16), 'cells_per_block': (1, 1)}",standard,"{'kernel': 'linear', 'C': 1}",0.29985499382019043,0.12495708465576172,0.12657785415649414,0.0009992122650146484,0.0010089874267578125,0.6666666666666666,0.6666666666666666
256,0.4,"{'orientations': 9, 'pixels_per_cell': (16, 16), 'cells_per_block': (1, 1)}",standard,"{'kernel': 'linear', 'C': 10}",0.29985499382019043,0.12495708465576172,0.12657785415649414,0.001988649368286133,0.0,0.6666666666666666,0.6666666666666666
256,0.4,"{'orientations': 9, 'pixels_per_cell': (16, 16), 'cells_per_block': (1, 1)}",standard,"{'kernel': 'rbf', 'C': 1, 'gamma': 0.001}",0.29985499382019043,0.12495708465576172,0.12657785415649414,0.0010018348693847656,0.0009963512420654297,0.3333333333333333,0.0
256,0.4,"{'orientations': 9, 'pixels_per_cell': (16, 16), 'cells_per_block': (1, 1)}",standard,"{'kernel': 'rbf', 'C': 1, 'gamma': 0.01}",0.29985499382019043,0.12495708465576172,0.12657785415649414,0.0019865036010742188,0.0,0.3333333333333333,0.0
256,0.4,"{'orientations': 9, 'pixels_per_cell': (16, 16), 'cells_per_block': (1, 1)}",minmax,"{'kernel': 'linear', 'C': 1}",0.29985499382019043,0.12495708465576172,0.12657785415649414,0.0019974708557128906,0.0,0.6666666666666666,0.6666666666666666
256,0.4,"{'orientations': 9, 'pixels_per_cell': (16, 16), 'cells_per_block': (1, 1)}",minmax,"{'kernel': 'linear', 'C': 10}",0.29985499382019043,0.12495708465576172,0.12657785415649414,0.0010318756103515625,0.00099945068359375,0.6666666666666666,0.6666666666666666
256,0.4,"{'orientations': 9, 'pixels_per_cell': (16, 16), 'cells_per_block': (1, 1)}",minmax,"{'kernel': 'rbf', 'C': 1, 'gamma': 0.001}",0.29985499382019043,0.12495708465576172,0.12657785415649414,0.0010311603546142578,0.0010013580322265625,0.3333333333333333,0.0
256,0.4,"{'orientations': 9, 'pixels_per_cell': (16, 16), 'cells_per_block': (1, 1)}",minmax,"{'kernel': 'rbf', 'C': 1, 'gamma': 0.01}",0.29985499382019043,0.12495708465576172,0.12657785415649414,0.002032041549682617,0.0009624958038330078,0.3333333333333333,0.0
256,0.4,"{'orientations': 9, 'pixels_per_cell': (16, 16), 'cells_per_block': (1, 1)}",robust,"{'kernel': 'linear', 'C': 1}",0.29985499382019043,0.12495708465576172,0.12657785415649414,0.0020287036895751953,0.0,0.3333333333333333,0.0
256,0.4,"{'orientations': 9, 'pixels_per_cell': (16, 16), 'cells_per_block': (1, 1)}",robust,"{'kernel': 'linear', 'C': 10}",0.29985499382019043,0.12495708465576172,0.12657785415649414,0.0010371208190917969,0.0009610652923583984,0.3333333333333333,0.0
256,0.4,"{'orientations': 9, 'pixels_per_cell': (16, 16), 'cells_per_block': (1, 1)}",robust,"{'kernel': 'rbf', 'C': 1, 'gamma': 0.001}",0.29985499382019043,0.12495708465576172,0.12657785415649414,0.0009961128234863281,0.0009989738464355469,0.3333333333333333,0.0
256,0.4,"{'orientations': 9, 'pixels_per_cell': (16, 16), 'cells_per_block': (1, 1)}",robust,"{'kernel': 'rbf', 'C': 1, 'gamma': 0.01}",0.29985499382019043,0.12495708465576172,0.12657785415649414,0.002052783966064453,0.0010259151458740234,0.3333333333333333,0.0
512,0.3,"{'orientations': 9, 'pixels_per_cell': (8, 8), 'cells_per_block': (2, 2)}",standard,"{'kernel': 'linear', 'C': 1}",5.837990999221802,1.345815658569336,1.2822020053863525,0.03793621063232422,0.11269831657409668,1.0,0.0
512,0.3,"{'orientations': 9, 'pixels_per_cell': (8, 8), 'cells_per_block': (2, 2)}",standard,"{'kernel': 'linear', 'C': 10}",5.837990999221802,1.345815658569336,1.2822020053863525,0.21240472793579102,0.011968612670898438,1.0,0.0
512,0.3,"{'orientations': 9, 'pixels_per_cell': (8, 8), 'cells_per_block': (2, 2)}",standard,"{'kernel': 'rbf', 'C': 1, 'gamma': 0.001}",5.837990999221802,1.345815658569336,1.2822020053863525,0.039505958557128906,0.013499975204467773,0.0,0.0
512,0.3,"{'orientations': 9, 'pixels_per_cell': (8, 8), 'cells_per_block': (2, 2)}",standard,"{'kernel': 'rbf', 'C': 1, 'gamma': 0.01}",5.837990999221802,1.345815658569336,1.2822020053863525,0.03690218925476074,0.013113260269165039,0.0,0.0
512,0.3,"{'orientations': 9, 'pixels_per_cell': (8, 8), 'cells_per_block': (2, 2)}",minmax,"{'kernel': 'linear', 'C': 1}",5.837990999221802,1.345815658569336,1.2822020053863525,0.03394627571105957,0.0019593238830566406,1.0,0.0
512,0.3,"{'orientations': 9, 'pixels_per_cell': (8, 8), 'cells_per_block': (2, 2)}",minmax,"{'kernel': 'linear', 'C': 10}",5.837990999221802,1.345815658569336,1.2822020053863525,0.03016519546508789,0.06881403923034668,1.0,0.0
512,0.3,"{'orientations': 9, 'pixels_per_cell': (8, 8), 'cells_per_block': (2, 2)}",minmax,"{'kernel': 'rbf', 'C': 1, 'gamma': 0.001}",5.837990999221802,1.345815658569336,1.2822020053863525,0.37137794494628906,0.021566152572631836,0.0,0.0
512,0.3,"{'orientations': 9, 'pixels_per_cell': (8, 8), 'cells_per_block': (2, 2)}",minmax,"{'kernel': 'rbf', 'C': 1, 'gamma': 0.01}",5.837990999221802,1.345815658569336,1.2822020053863525,0.15825390815734863,0.011884450912475586,0.0,0.0
512,0.3,"{'orientations': 9, 'pixels_per_cell': (8, 8), 'cells_per_block': (2, 2)}",robust,"{'kernel': 'linear', 'C': 1}",5.837990999221802,1.345815658569336,1.2822020053863525,0.02552485466003418,0.006303310394287109,0.5,0.0
512,0.3,"{'orientations': 9, 'pixels_per_cell': (8, 8), 'cells_per_block': (2, 2)}",robust,"{'kernel': 'linear', 'C': 10}",5.837990999221802,1.345815658569336,1.2822020053863525,0.03398609161376953,0.003988742828369141,0.5,0.0
512,0.3,"{'orientations': 9, 'pixels_per_cell': (8, 8), 'cells_per_block': (2, 2)}",robust,"{'kernel': 'rbf', 'C': 1, 'gamma': 0.001}",5.837990999221802,1.345815658569336,1.2822020053863525,0.036963701248168945,0.015879392623901367,0.0,0.0
512,0.3,"{'orientations': 9, 'pixels_per_cell': (8, 8), 'cells_per_block': (2, 2)}",robust,"{'kernel': 'rbf', 'C': 1, 'gamma': 0.01}",5.837990999221802,1.345815658569336,1.2822020053863525,0.058876752853393555,0.015918254852294922,0.0,0.0
512,0.3,"{'orientations': 8, 'pixels_per_cell': (16, 16), 'cells_per_block': (2, 2)}",standard,"{'kernel': 'linear', 'C': 1}",1.5940179824829102,0.3635404109954834,0.3593177795410156,0.00656580924987793,0.006017923355102539,1.0,0.0
512,0.3,"{'orientations': 8, 'pixels_per_cell': (16, 16), 'cells_per_block': (2, 2)}",standard,"{'kernel': 'linear', 'C': 10}",1.5940179824829102,0.3635404109954834,0.3593177795410156,0.03290700912475586,0.0019960403442382812,1.0,0.0
512,0.3,"{'orientations': 8, 'pixels_per_cell': (16, 16), 'cells_per_block': (2, 2)}",standard,"{'kernel': 'rbf', 'C': 1, 'gamma': 0.001}",1.5940179824829102,0.3635404109954834,0.3593177795410156,0.033933401107788086,0.0009722709655761719,0.0,0.0
512,0.3,"{'orientations': 8, 'pixels_per_cell': (16, 16), 'cells_per_block': (2, 2)}",standard,"{'kernel': 'rbf', 'C': 1, 'gamma': 0.01}",1.5940179824829102,0.3635404109954834,0.3593177795410156,0.009972572326660156,0.0029926300048828125,0.0,0.0
512,0.3,"{'orientations': 8, 'pixels_per_cell': (16, 16), 'cells_per_block': (2, 2)}",minmax,"{'kernel': 'linear', 'C': 1}",1.5940179824829102,0.3635404109954834,0.3593177795410156,0.00897836685180664,0.0009968280792236328,1.0,0.0
512,0.3,"{'orientations': 8, 'pixels_per_cell': (16, 16), 'cells_per_block': (2, 2)}",minmax,"{'kernel': 'linear', 'C': 10}",1.5940179824829102,0.3635404109954834,0.3593177795410156,0.011975526809692383,0.0010225772857666016,1.0,0.0
512,0.3,"{'orientations': 8, 'pixels_per_cell': (16, 16), 'cells_per_block': (2, 2)}",minmax,"{'kernel': 'rbf', 'C': 1, 'gamma': 0.001}",1.5940179824829102,0.3635404109954834,0.3593177795410156,0.0050241947174072266,0.0009617805480957031,0.0,0.0
512,0.3,"{'orientations': 8, 'pixels_per_cell': (16, 16), 'cells_per_block': (2, 2)}",minmax,"{'kernel': 'rbf', 'C': 1, 'gamma': 0.01}",1.5940179824829102,0.3635404109954834,0.3593177795410156,0.009663581848144531,0.002155303955078125,0.0,0.0
512,0.3,"{'orientations': 8, 'pixels_per_cell': (16, 16), 'cells_per_block': (2, 2)}",robust,"{'kernel': 'linear', 'C': 1}",1.5940179824829102,0.3635404109954834,0.3593177795410156,0.004919528961181641,0.007981538772583008,0.5,0.0
512,0.3,"{'orientations': 8, 'pixels_per_cell': (16, 16), 'cells_per_block': (2, 2)}",robust,"{'kernel': 'linear', 'C': 10}",1.5940179824829102,0.3635404109954834,0.3593177795410156,0.00623011589050293,0.0010080337524414062,0.5,0.0
512,0.3,"{'orientations': 8, 'pixels_per_cell': (16, 16), 'cells_per_block': (2, 2)}",robust,"{'kernel': 'rbf', 'C': 1, 'gamma': 0.001}",1.5940179824829102,0.3635404109954834,0.3593177795410156,0.011964559555053711,0.0010111331939697266,0.0,0.0
512,0.3,"{'orientations': 8, 'pixels_per_cell': (16, 16), 'cells_per_block': (2, 2)}",robust,"{'kernel': 'rbf', 'C': 1, 'gamma': 0.01}",1.5940179824829102,0.3635404109954834,0.3593177795410156,0.009973764419555664,0.002029895782470703,0.0,0.0
512,0.3,"{'orientations': 9, 'pixels_per_cell': (16, 16), 'cells_per_block': (1, 1)}",standard,"{'kernel': 'linear', 'C': 1}",1.7477025985717773,0.3727586269378662,0.3838999271392822,0.0019605159759521484,0.0015120506286621094,1.0,0.0
512,0.3,"{'orientations': 9, 'pixels_per_cell': (16, 16), 'cells_per_block': (1, 1)}",standard,"{'kernel': 'linear', 'C': 10}",1.7477025985717773,0.3727586269378662,0.3838999271392822,0.0019936561584472656,0.0009968280792236328,1.0,0.0
512,0.3,"{'orientations': 9, 'pixels_per_cell': (16, 16), 'cells_per_block': (1, 1)}",standard,"{'kernel': 'rbf', 'C': 1, 'gamma': 0.001}",1.7477025985717773,0.3727586269378662,0.3838999271392822,0.002028226852416992,0.000997781753540039,0.0,0.0
512,0.3,"{'orientations': 9, 'pixels_per_cell': (16, 16), 'cells_per_block': (1, 1)}",standard,"{'kernel': 'rbf', 'C': 1, 'gamma': 0.01}",1.7477025985717773,0.3727586269378662,0.3838999271392822,0.0010020732879638672,0.0009963512420654297,0.0,0.0
512,0.3,"{'orientations': 9, 'pixels_per_cell': (16, 16), 'cells_per_block': (1, 1)}",minmax,"{'kernel': 'linear', 'C': 1}",1.7477025985717773,0.3727586269378662,0.3838999271392822,0.0020325183868408203,0.0009603500366210938,1.0,0.0
512,0.3,"{'orientations': 9, 'pixels_per_cell': (16, 16), 'cells_per_block': (1, 1)}",minmax,"{'kernel': 'linear', 'C': 10}",1.7477025985717773,0.3727586269378662,0.3838999271392822,0.002899169921875,0.0010247230529785156,1.0,0.0
512,0.3,"{'orientations': 9, 'pixels_per_cell': (16, 16), 'cells_per_block': (1, 1)}",minmax,"{'kernel': 'rbf', 'C': 1, 'gamma': 0.001}",1.7477025985717773,0.3727586269378662,0.3838999271392822,0.0019958019256591797,0.0,0.0,0.0
512,0.3,"{'orientations': 9, 'pixels_per_cell': (16, 16), 'cells_per_block': (1, 1)}",minmax,"{'kernel': 'rbf', 'C': 1, 'gamma': 0.01}",1.7477025985717773,0.3727586269378662,0.3838999271392822,0.003021240234375,0.0009958744049072266,0.0,0.0
512,0.3,"{'orientations': 9, 'pixels_per_cell': (16, 16), 'cells_per_block': (1, 1)}",robust,"{'kernel': 'linear', 'C': 1}",1.7477025985717773,0.3727586269378662,0.3838999271392822,0.0020291805267333984,0.0,0.0,0.0
512,0.3,"{'orientations': 9, 'pixels_per_cell': (16, 16), 'cells_per_block': (1, 1)}",robust,"{'kernel': 'linear', 'C': 10}",1.7477025985717773,0.3727586269378662,0.3838999271392822,0.0030095577239990234,0.0009844303131103516,0.0,0.0
512,0.3,"{'orientations': 9, 'pixels_per_cell': (16, 16), 'cells_per_block': (1, 1)}",robust,"{'kernel': 'rbf', 'C': 1, 'gamma': 0.001}",1.7477025985717773,0.3727586269378662,0.3838999271392822,0.002029895782470703,0.0,0.0,0.0
512,0.3,"{'orientations': 9, 'pixels_per_cell': (16, 16), 'cells_per_block': (1, 1)}",robust,"{'kernel': 'rbf', 'C': 1, 'gamma': 0.01}",1.7477025985717773,0.3727586269378662,0.3838999271392822,0.0009999275207519531,0.000997304916381836,0.0,0.0
512,0.4,"{'orientations': 9, 'pixels_per_cell': (8, 8), 'cells_per_block': (2, 2)}",standard,"{'kernel': 'linear', 'C': 1}",4.538547039031982,1.8469974994659424,1.8644349575042725,0.1611347198486328,0.003987789154052734,0.6666666666666666,0.6666666666666666
512,0.4,"{'orientations': 9, 'pixels_per_cell': (8, 8), 'cells_per_block': (2, 2)}",standard,"{'kernel': 'linear', 'C': 10}",4.538547039031982,1.8469974994659424,1.8644349575042725,0.014963150024414062,0.008985280990600586,0.6666666666666666,0.6666666666666666
512,0.4,"{'orientations': 9, 'pixels_per_cell': (8, 8), 'cells_per_block': (2, 2)}",standard,"{'kernel': 'rbf', 'C': 1, 'gamma': 0.001}",4.538547039031982,1.8469974994659424,1.8644349575042725,0.021606922149658203,0.016491174697875977,0.3333333333333333,0.0
512,0.4,"{'orientations': 9, 'pixels_per_cell': (8, 8), 'cells_per_block': (2, 2)}",standard,"{'kernel': 'rbf', 'C': 1, 'gamma': 0.01}",4.538547039031982,1.8469974994659424,1.8644349575042725,0.02788090705871582,0.01795339584350586,0.3333333333333333,0.0
512,0.4,"{'orientations': 9, 'pixels_per_cell': (8, 8), 'cells_per_block': (2, 2)}",minmax,"{'kernel': 'linear', 'C': 1}",4.538547039031982,1.8469974994659424,1.8644349575042725,0.025145292282104492,0.010004520416259766,0.6666666666666666,0.6666666666666666
512,0.4,"{'orientations': 9, 'pixels_per_cell': (8, 8), 'cells_per_block': (2, 2)}",minmax,"{'kernel': 'linear', 'C': 10}",4.538547039031982,1.8469974994659424,1.8644349575042725,0.024097681045532227,0.007927417755126953,0.6666666666666666,0.6666666666666666
512,0.4,"{'orientations': 9, 'pixels_per_cell': (8, 8), 'cells_per_block': (2, 2)}",minmax,"{'kernel': 'rbf', 'C': 1, 'gamma': 0.001}",4.538547039031982,1.8469974994659424,1.8644349575042725,0.030898571014404297,0.015956640243530273,0.3333333333333333,0.0
512,0.4,"{'orientations': 9, 'pixels_per_cell': (8, 8), 'cells_per_block': (2, 2)}",minmax,"{'kernel': 'rbf', 'C': 1, 'gamma': 0.01}",4.538547039031982,1.8469974994659424,1.8644349575042725,0.02450847625732422,0.01395726203918457,0.3333333333333333,0.0
512,0.4,"{'orientations': 9, 'pixels_per_cell': (8, 8), 'cells_per_block': (2, 2)}",robust,"{'kernel': 'linear', 'C': 1}",4.538547039031982,1.8469974994659424,1.8644349575042725,0.028957128524780273,0.0029976367950439453,0.6666666666666666,0.3333333333333333
512,0.4,"{'orientations': 9, 'pixels_per_cell': (8, 8), 'cells_per_block': (2, 2)}",robust,"{'kernel': 'linear', 'C': 10}",4.538547039031982,1.8469974994659424,1.8644349575042725,0.017956018447875977,0.0039899349212646484,0.6666666666666666,0.3333333333333333
512,0.4,"{'orientations': 9, 'pixels_per_cell': (8, 8), 'cells_per_block': (2, 2)}",robust,"{'kernel': 'rbf', 'C': 1, 'gamma': 0.001}",4.538547039031982,1.8469974994659424,1.8644349575042725,0.02297663688659668,0.013925313949584961,0.3333333333333333,0.0
512,0.4,"{'orientations': 9, 'pixels_per_cell': (8, 8), 'cells_per_block': (2, 2)}",robust,"{'kernel': 'rbf', 'C': 1, 'gamma': 0.01}",4.538547039031982,1.8469974994659424,1.8644349575042725,0.026964902877807617,0.01392817497253418,0.3333333333333333,0.0
512,0.4,"{'orientations': 8, 'pixels_per_cell': (16, 16), 'cells_per_block': (2, 2)}",standard,"{'kernel': 'linear', 'C': 1}",1.2067699432373047,0.5265190601348877,0.52060866355896,0.005958080291748047,0.001993417739868164,0.6666666666666666,0.6666666666666666
512,0.4,"{'orientations': 8, 'pixels_per_cell': (16, 16), 'cells_per_block': (2, 2)}",standard,"{'kernel': 'linear', 'C': 10}",1.2067699432373047,0.5265190601348877,0.52060866355896,0.006981849670410156,0.0030269622802734375,0.6666666666666666,0.6666666666666666
512,0.4,"{'orientations': 8, 'pixels_per_cell': (16, 16), 'cells_per_block': (2, 2)}",standard,"{'kernel': 'rbf', 'C': 1, 'gamma': 0.001}",1.2067699432373047,0.5265190601348877,0.52060866355896,0.0029942989349365234,0.0019943714141845703,0.3333333333333333,0.0
512,0.4,"{'orientations': 8, 'pixels_per_cell': (16, 16), 'cells_per_block': (2, 2)}",standard,"{'kernel': 'rbf', 'C': 1, 'gamma': 0.01}",1.2067699432373047,0.5265190601348877,0.52060866355896,0.006986141204833984,0.0009965896606445312,0.3333333333333333,0.0
512,0.4,"{'orientations': 8, 'pixels_per_cell': (16, 16), 'cells_per_block': (2, 2)}",minmax,"{'kernel': 'linear', 'C': 1}",1.2067699432373047,0.5265190601348877,0.52060866355896,0.00797891616821289,0.0009961128234863281,0.6666666666666666,0.6666666666666666
512,0.4,"{'orientations': 8, 'pixels_per_cell': (16, 16), 'cells_per_block': (2, 2)}",minmax,"{'kernel': 'linear', 'C': 10}",1.2067699432373047,0.5265190601348877,0.52060866355896,0.00502467155456543,0.000993490219116211,0.6666666666666666,0.6666666666666666
512,0.4,"{'orientations': 8, 'pixels_per_cell': (16, 16), 'cells_per_block': (2, 2)}",minmax,"{'kernel': 'rbf', 'C': 1, 'gamma': 0.001}",1.2067699432373047,0.5265190601348877,0.52060866355896,0.007981538772583008,0.0019943714141845703,0.3333333333333333,0.0
512,0.4,"{'orientations': 8, 'pixels_per_cell': (16, 16), 'cells_per_block': (2, 2)}",minmax,"{'kernel': 'rbf', 'C': 1, 'gamma': 0.01}",1.2067699432373047,0.5265190601348877,0.52060866355896,0.003990650177001953,0.0019936561584472656,0.3333333333333333,0.0
512,0.4,"{'orientations': 8, 'pixels_per_cell': (16, 16), 'cells_per_block': (2, 2)}",robust,"{'kernel': 'linear', 'C': 1}",1.2067699432373047,0.5265190601348877,0.52060866355896,0.38759946823120117,0.031915903091430664,0.6666666666666666,0.3333333333333333
512,0.4,"{'orientations': 8, 'pixels_per_cell': (16, 16), 'cells_per_block': (2, 2)}",robust,"{'kernel': 'linear', 'C': 10}",1.2067699432373047,0.5265190601348877,0.52060866355896,0.17553210258483887,0.018948078155517578,0.6666666666666666,0.3333333333333333
512,0.4,"{'orientations': 8, 'pixels_per_cell': (16, 16), 'cells_per_block': (2, 2)}",robust,"{'kernel': 'rbf', 'C': 1, 'gamma': 0.001}",1.2067699432373047,0.5265190601348877,0.52060866355896,0.2553222179412842,0.1506056785583496,0.3333333333333333,0.0
512,0.4,"{'orientations': 8, 'pixels_per_cell': (16, 16), 'cells_per_block': (2, 2)}",robust,"{'kernel': 'rbf', 'C': 1, 'gamma': 0.01}",1.2067699432373047,0.5265190601348877,0.52060866355896,1.065641164779663,0.08527898788452148,0.3333333333333333,0.0
512,0.4,"{'orientations': 9, 'pixels_per_cell': (16, 16), 'cells_per_block': (1, 1)}",standard,"{'kernel': 'linear', 'C': 1}",1.5922791957855225,0.6080853939056396,0.5743944644927979,0.0020210742950439453,0.0007672309875488281,0.6666666666666666,0.6666666666666666
512,0.4,"{'orientations': 9, 'pixels_per_cell': (16, 16), 'cells_per_block': (1, 1)}",standard,"{'kernel': 'linear', 'C': 10}",1.5922791957855225,0.6080853939056396,0.5743944644927979,0.0019960403442382812,0.0010216236114501953,0.6666666666666666,0.6666666666666666
512,0.4,"{'orientations': 9, 'pixels_per_cell': (16, 16), 'cells_per_block': (1, 1)}",standard,"{'kernel': 'rbf', 'C': 1, 'gamma': 0.001}",1.5922791957855225,0.6080853939056396,0.5743944644927979,0.0029938220977783203,0.001032114028930664,0.3333333333333333,0.0
512,0.4,"{'orientations': 9, 'pixels_per_cell': (16, 16), 'cells_per_block': (1, 1)}",standard,"{'kernel': 'rbf', 'C': 1, 'gamma': 0.01}",1.5922791957855225,0.6080853939056396,0.5743944644927979,0.0018928050994873047,0.0,0.3333333333333333,0.0
512,0.4,"{'orientations': 9, 'pixels_per_cell': (16, 16), 'cells_per_block': (1, 1)}",minmax,"{'kernel': 'linear', 'C': 1}",1.5922791957855225,0.6080853939056396,0.5743944644927979,0.002030611038208008,0.0,0.6666666666666666,0.6666666666666666
512,0.4,"{'orientations': 9, 'pixels_per_cell': (16, 16), 'cells_per_block': (1, 1)}",minmax,"{'kernel': 'linear', 'C': 10}",1.5922791957855225,0.6080853939056396,0.5743944644927979,0.0015761852264404297,0.0009970664978027344,0.6666666666666666,0.6666666666666666
512,0.4,"{'orientations': 9, 'pixels_per_cell': (16, 16), 'cells_per_block': (1, 1)}",minmax,"{'kernel': 'rbf', 'C': 1, 'gamma': 0.001}",1.5922791957855225,0.6080853939056396,0.5743944644927979,0.0019958019256591797,0.001043558120727539,0.3333333333333333,0.0
512,0.4,"{'orientations': 9, 'pixels_per_cell': (16, 16), 'cells_per_block': (1, 1)}",minmax,"{'kernel': 'rbf', 'C': 1, 'gamma': 0.01}",1.5922791957855225,0.6080853939056396,0.5743944644927979,0.0020296573638916016,0.0009615421295166016,0.3333333333333333,0.0
512,0.4,"{'orientations': 9, 'pixels_per_cell': (16, 16), 'cells_per_block': (1, 1)}",robust,"{'kernel': 'linear', 'C': 1}",1.5922791957855225,0.6080853939056396,0.5743944644927979,0.001960277557373047,0.0,0.3333333333333333,0.0
512,0.4,"{'orientations': 9, 'pixels_per_cell': (16, 16), 'cells_per_block': (1, 1)}",robust,"{'kernel': 'linear', 'C': 10}",1.5922791957855225,0.6080853939056396,0.5743944644927979,0.0020089149475097656,0.0,0.3333333333333333,0.0
512,0.4,"{'orientations': 9, 'pixels_per_cell': (16, 16), 'cells_per_block': (1, 1)}",robust,"{'kernel': 'rbf', 'C': 1, 'gamma': 0.001}",1.5922791957855225,0.6080853939056396,0.5743944644927979,0.001979827880859375,0.0,0.3333333333333333,0.0
512,0.4,"{'orientations': 9, 'pixels_per_cell': (16, 16), 'cells_per_block': (1, 1)}",robust,"{'kernel': 'rbf', 'C': 1, 'gamma': 0.01}",1.5922791957855225,0.6080853939056396,0.5743944644927979,0.0020232200622558594,0.0,0.3333333333333333,0.0
